<?xml version="1.0"?>
<!DOCTYPE hibernate-mapping PUBLIC "-//Hibernate/Hibernate Mapping DTD 3.0//EN"
"http://www.hibernate.org/dtd/hibernate-mapping-3.0.dtd">
<!-- Generated 24/05/2018 03:21:54 PM by Hibernate Tools 4.3.1 -->
<hibernate-mapping>
    <class name="entity.Administrador" table="administrador" catalog="proyectowad" optimistic-lock="version">
        <id name="idUsuarios" type="int">
            <column name="idUsuarios" />
            <generator class="foreign">
                <param name="property">usuarios</param>
            </generator>
        </id>
        <one-to-one name="usuarios" class="entity.Usuarios" constrained="true"></one-to-one>
    </class>
</hibernate-mapping>
