<?xml version="1.0"?>
<!DOCTYPE hibernate-mapping PUBLIC "-//Hibernate/Hibernate Mapping DTD 3.0//EN"
"http://www.hibernate.org/dtd/hibernate-mapping-3.0.dtd">
<!-- Generated 24/05/2018 03:21:54 PM by Hibernate Tools 4.3.1 -->
<hibernate-mapping>
    <class name="entity.Ejercicio" table="ejercicio" catalog="proyectowad" optimistic-lock="version">
        <id name="idEjercicio" type="java.lang.Integer">
            <column name="idEjercicio" />
            <generator class="identity" />
        </id>
        <many-to-one name="profesor" class="entity.Profesor" fetch="select">
            <column name="idUsuarios" />
        </many-to-one>
        <set name="grupos" table="grupo_ejercicio" inverse="true" lazy="true" fetch="select">
            <key>
                <column name="idEjercicio" not-null="true" />
            </key>
            <many-to-many entity-name="entity.Grupo">
                <column name="idGrupo" not-null="true" />
            </many-to-many>
        </set>
        <set name="alumnos" table="alumno_ejercicio" inverse="true" lazy="true" fetch="select">
            <key>
                <column name="idEjercicio" not-null="true" />
            </key>
            <many-to-many entity-name="entity.Alumno">
                <column name="idUsuarios" not-null="true" />
            </many-to-many>
        </set>
    </class>
</hibernate-mapping>
