<?xml version="1.0"?>
<!DOCTYPE hibernate-mapping PUBLIC "-//Hibernate/Hibernate Mapping DTD 3.0//EN"
"http://www.hibernate.org/dtd/hibernate-mapping-3.0.dtd">
<!-- Generated 24/05/2018 03:21:54 PM by Hibernate Tools 4.3.1 -->
<hibernate-mapping>
    <class name="entity.Grupo" table="grupo" catalog="proyectowad" optimistic-lock="version">
        <id name="idGrupo" type="java.lang.Integer">
            <column name="idGrupo" />
            <generator class="identity" />
        </id>
        <many-to-one name="profesor" class="entity.Profesor" fetch="select">
            <column name="idUsuarios" />
        </many-to-one>
        <property name="nombre" type="string">
            <column name="nombre" length="20" />
        </property>
        <property name="pass" type="string">
            <column name="pass" length="20" />
        </property>
        <set name="peticions" table="peticion" inverse="true" lazy="true" fetch="select">
            <key>
                <column name="idGrupo" />
            </key>
            <one-to-many class="entity.Peticion" />
        </set>
        <set name="ejercicios" table="grupo_ejercicio" inverse="false" lazy="true" fetch="select">
            <key>
                <column name="idGrupo" not-null="true" />
            </key>
            <many-to-many entity-name="entity.Ejercicio">
                <column name="idEjercicio" not-null="true" />
            </many-to-many>
        </set>
        <set name="alumnos" table="alumno_grupo" inverse="true" lazy="true" fetch="select">
            <key>
                <column name="idGrupo" not-null="true" />
            </key>
            <many-to-many entity-name="entity.Alumno">
                <column name="idUsuarios" not-null="true" />
            </many-to-many>
        </set>
    </class>
</hibernate-mapping>
