<?xml version="1.0"?>
<!DOCTYPE hibernate-mapping PUBLIC "-//Hibernate/Hibernate Mapping DTD 3.0//EN"
"http://www.hibernate.org/dtd/hibernate-mapping-3.0.dtd">
<!-- Generated 24/05/2018 03:21:54 PM by Hibernate Tools 4.3.1 -->
<hibernate-mapping>
    <class name="entity.Peticion" table="peticion" catalog="proyectowad" optimistic-lock="version">
        <id name="idPeticion" type="java.lang.Integer">
            <column name="idPeticion" />
            <generator class="identity" />
        </id>
        <many-to-one name="alumno" class="entity.Alumno" fetch="select">
            <column name="idUsuarios" />
        </many-to-one>
        <many-to-one name="grupo" class="entity.Grupo" fetch="select">
            <column name="idGrupo" />
        </many-to-one>
        <property name="aceptacion" type="java.lang.Integer">
            <column name="aceptacion" />
        </property>
    </class>
</hibernate-mapping>
