<?xml version="1.0"?>
<!DOCTYPE hibernate-mapping PUBLIC "-//Hibernate/Hibernate Mapping DTD 3.0//EN"
"http://www.hibernate.org/dtd/hibernate-mapping-3.0.dtd">
<!-- Generated 24/05/2018 03:21:54 PM by Hibernate Tools 4.3.1 -->
<hibernate-mapping>
    <class name="entity.Profesor" table="profesor" catalog="proyectowad" optimistic-lock="version">
        <id name="idUsuarios" type="int">
            <column name="idUsuarios" />
            <generator class="foreign">
                <param name="property">usuarios</param>
            </generator>
        </id>
        <one-to-one name="usuarios" class="entity.Usuarios" constrained="true"></one-to-one>
        <set name="grupos" table="grupo" inverse="true" lazy="true" fetch="select">
            <key>
                <column name="idUsuarios" />
            </key>
            <one-to-many class="entity.Grupo" />
        </set>
        <set name="preejercicios" table="preejercicio" inverse="true" lazy="true" fetch="select">
            <key>
                <column name="idUsuarios" />
            </key>
            <one-to-many class="entity.Preejercicio" />
        </set>
        <set name="ejercicios" table="ejercicio" inverse="true" lazy="true" fetch="select">
            <key>
                <column name="idUsuarios" />
            </key>
            <one-to-many class="entity.Ejercicio" />
        </set>
    </class>
</hibernate-mapping>
