<?xml version="1.0"?>
<!DOCTYPE hibernate-mapping PUBLIC "-//Hibernate/Hibernate Mapping DTD 3.0//EN"
"http://www.hibernate.org/dtd/hibernate-mapping-3.0.dtd">
<!-- Generated 24/05/2018 03:21:54 PM by Hibernate Tools 4.3.1 -->
<hibernate-mapping>
    <class name="entity.Rol" table="rol" catalog="proyectowad" optimistic-lock="version">
        <id name="idRol" type="int">
            <column name="idRol" />
            <generator class="assigned" />
        </id>
        <property name="tipo" type="string">
            <column name="tipo" length="20" />
        </property>
        <set name="usuarioses" table="usuarios" inverse="true" lazy="true" fetch="select">
            <key>
                <column name="idRol" not-null="true" />
            </key>
            <one-to-many class="entity.Usuarios" />
        </set>
    </class>
</hibernate-mapping>
