<?xml version="1.0"?>
<!DOCTYPE hibernate-mapping PUBLIC "-//Hibernate/Hibernate Mapping DTD 3.0//EN"
"http://www.hibernate.org/dtd/hibernate-mapping-3.0.dtd">
<!-- Generated 24/05/2018 03:21:54 PM by Hibernate Tools 4.3.1 -->
<hibernate-mapping>
    <class name="entity.Usuarios" table="usuarios" catalog="proyectowad" optimistic-lock="version">
        <id name="idUsuarios" type="java.lang.Integer">
            <column name="idUsuarios" />
            <generator class="identity" />
        </id>
        <many-to-one name="rol" class="entity.Rol" fetch="select">
            <column name="idRol" not-null="true" />
        </many-to-one>
        <property name="nombre" type="string">
            <column name="nombre" length="25" not-null="true" />
        </property>
        <property name="apellido" type="string">
            <column name="apellido" length="25" not-null="true" />
        </property>
        <property name="idLog" type="string">
            <column name="idLog" length="25" not-null="true" />
        </property>
        <property name="correo" type="string">
            <column name="correo" length="25" not-null="true" />
        </property>
        <property name="pass" type="string">
            <column name="pass" length="15" not-null="true" />
        </property>
        <one-to-one name="profesor" class="entity.Profesor"></one-to-one>
        <one-to-one name="alumno" class="entity.Alumno"></one-to-one>
        <one-to-one name="administrador" class="entity.Administrador"></one-to-one>
    </class>
</hibernate-mapping>
